{
    "$schema": "https://json-schema.org/draft/2020-12/schema",
    "$id":  "https://json-schema.org/draft/2020-12/schema",
    "title": "University of Akron Building Data",
    "description": "JSON Schema for Building Data for the University of Akron's data format",
    "type": "object",

    "properties": {
        "id": {
            "description": "The Building's ID Number",
            "type": "integer",
            "minimum": 1
        },
        "name": {
            "description": "The name of the building",
            "type": "string"
        },
        "abbreviation": {
            "description": "An abbreviated name, typically a shortening or acronym",
            "type": "string"
        }
    },
    "buildingLocation": {
        "address": {
            "description": "The physical address of the building",
            "type": "string"
        },
        "lat": {
            "description":"The latitude position of the building",
            "type":"number",
            "minimum":-90,
            "maximum":90
        },
        "lng": {
            "description":"The longitude position of the building",
            "type":"number",
            "minimum":-180,
            "maximum":180
        }
    },
    "additionalInfo": {
        "image_file": {
            "description":"File extension pointing to an image URL",
            "type":"string"
        },
        "related_lots": {
            "description":"Array of lot id's listing the lots that are considered associated with the building",
            "type":"array",
            "items":"integer"
        },
        "building_categories": {
            "description":"Array of id's listing categories associated with the building",
            "type":"array",
            "items":"integer"
        },
        "html": {
            "description":"Any html or markdown associated with the building in the existing json data",
            "type":"string"
        }
    },
    "required": ["id", "name"]
}