{
    "$schema": "https://json-schema.org/draft/2020-12/schema",
    "$id":  "https://json-schema.org/draft/2020-12/schema",
    "title": "University of Akron Category Data",
    "description": "JSON Schema for Category Data for the University of Akron's data format",
    "type": "object",

    "properties": {
        "id": {
            "description":"The id number of the category",
            "type":"integer",
            "minimum":1
        },
        "name": {
            "description":"The name of the category",
            "type":"string"
        },
        "public": {
            "description":"Whether or not the category is public",
            "type":"boolean"
        }
    },
    "required":["id","name","public"]
}