{
    "$schema": "https://json-schema.org/draft/2020-12/schema",
    "$id":  "https://json-schema.org/draft/2020-12/schema",
    "title": "University of Akron Department Data",
    "description": "JSON Schema for Department Data for the University of Akron's data format",
    "type": "object",

    "properties": {
        "id": {
            "description": "The department's id number",
            "type":"integer",
            "minimum":1
        },
        "building_id": {
            "description": "The id of the building in which the department resides",
            "type":"integer",
            "minimum":1
        },
        "name": {
            "description":"The name of the department",
            "type:":"string"
        },
        "department_url": {
            "description":"A URL pointing to the homepage of the department",
            "type":"string"
        },
        "order": {
            "description":"I actually do not know",
            "type":"number"
        }
    },
    "required":["id", "building_id", "name"]
}